schema_name,table_name,column_id,column_name,data_type,max_length,precision,scale,is_nullable,is_identity,is_computed
analysis,assessment,1,assessment_pk,bigint,8,19,0,0,1,0
analysis,assessment,2,estate_model_pk,bigint,8,19,0,0,0,0
analysis,assessment,3,integrity_rule_pk,bigint,8,19,0,0,0,0
analysis,assessment,4,assessment_kind,varchar,64,0,0,0,0,0
analysis,assessment,5,scope_digest,binary,32,0,0,0,0,0
analysis,assessment,6,input_set_digest,binary,32,0,0,0,0,0
analysis,assessment,7,evaluation_state,varchar,64,0,0,0,0,0
analysis,assessment,8,evaluated_at,datetime2,8,27,7,1,0,0
analysis,assessment_definition_input,1,assessment_pk,bigint,8,19,0,0,0,0
analysis,assessment_definition_input,2,semantic_object_definition_pk,bigint,8,19,0,0,0,0
analysis,assessment_definition_input,3,role,varchar,64,0,0,0,0,0
analysis,assessment_source_input,1,assessment_pk,bigint,8,19,0,0,0,0
analysis,assessment_source_input,2,source_observation_pk,bigint,8,19,0,0,0,0
analysis,assessment_source_input,3,role,varchar,64,0,0,0,0,0
analysis,circuit_assessment,1,assessment_pk,bigint,8,19,0,0,0,0
analysis,circuit_assessment,2,blueprint_version_pk,bigint,8,19,0,0,0,0
analysis,circuit_assessment,3,blueprint_node_pk,bigint,8,19,0,1,0,0
analysis,circuit_assessment,4,result_code,varchar,64,0,0,1,0,0
analysis,circuit_assessment,5,assessment_kind,varchar,64,0,0,0,0,0
analysis,compatibility_assessment,1,assessment_pk,bigint,8,19,0,0,0,0
analysis,compatibility_assessment,2,producer_contract_version_pk,bigint,8,19,0,0,0,0
analysis,compatibility_assessment,3,consumer_contract_version_pk,bigint,8,19,0,0,0,0
analysis,compatibility_assessment,4,authority_definition_pk,bigint,8,19,0,1,0,0
analysis,compatibility_assessment,5,result_code,varchar,64,0,0,1,0,0
analysis,compatibility_assessment,6,assessment_kind,varchar,64,0,0,0,0,0
analysis,coverage_assessment,1,assessment_pk,bigint,8,19,0,0,0,0
analysis,coverage_assessment,2,source_profile,nvarchar,400,0,0,0,0,0
analysis,coverage_assessment,3,count_unit,varchar,64,0,0,0,0,0
analysis,coverage_assessment,4,total_count,bigint,8,19,0,0,0,0
analysis,coverage_assessment,5,normalized_count,bigint,8,19,0,0,0,0
analysis,coverage_assessment,6,unresolved_count,bigint,8,19,0,0,0,0
analysis,coverage_assessment,7,unsupported_count,bigint,8,19,0,0,0,0
analysis,coverage_assessment,8,outside_count,bigint,8,19,0,0,0,0
analysis,coverage_assessment,9,assessment_kind,varchar,64,0,0,0,0,0
analysis,integrity_finding,1,integrity_finding_pk,bigint,8,19,0,0,1,0
analysis,integrity_finding,2,assessment_pk,bigint,8,19,0,0,0,0
analysis,integrity_finding,3,finding_digest,binary,32,0,0,0,0,0
analysis,integrity_finding,4,finding_code,varchar,64,0,0,0,0,0
analysis,integrity_finding,5,severity,varchar,64,0,0,0,0,0
analysis,integrity_finding,6,source_observation_pk,bigint,8,19,0,1,0,0
analysis,integrity_finding,7,subject_definition_pk,bigint,8,19,0,1,0,0
analysis,integrity_finding,8,expected_content_pk,bigint,8,19,0,1,0,0
analysis,integrity_finding,9,observed_content_pk,bigint,8,19,0,1,0,0
analysis,integrity_finding,10,message,nvarchar,-1,0,0,0,0,0
analysis,integrity_rule,1,integrity_rule_pk,bigint,8,19,0,0,1,0
analysis,integrity_rule,2,rule_id,nvarchar,400,0,0,0,0,0
analysis,integrity_rule,3,rule_digest,binary,32,0,0,0,0,0
analysis,integrity_rule,4,layer,tinyint,1,3,0,0,0,0
analysis,integrity_rule,5,rule_content_pk,bigint,8,19,0,0,0,0
analysis,provider_qualification_assessment,1,assessment_pk,bigint,8,19,0,0,0,0
analysis,provider_qualification_assessment,2,provider_definition_pk,bigint,8,19,0,0,0,0
analysis,provider_qualification_assessment,3,provider_profile_version_pk,bigint,8,19,0,1,0,0
analysis,provider_qualification_assessment,4,provider_slot_pk,bigint,8,19,0,1,0,0
analysis,provider_qualification_assessment,5,authority_definition_pk,bigint,8,19,0,0,0,0
analysis,provider_qualification_assessment,6,rule_definition_pk,bigint,8,19,0,0,0,0
analysis,provider_qualification_assessment,7,result_code,nvarchar,400,0,0,0,0,0
analysis,provider_qualification_assessment,8,effective_until,datetime2,8,27,7,1,0,0
analysis,provider_qualification_assessment,9,source_observation_pk,bigint,8,19,0,0,0,0
analysis,provider_qualification_assessment,10,assessment_kind,varchar,64,0,0,0,0,0
analysis,unresolved_reference,1,estate_model_pk,bigint,8,19,0,0,0,0
analysis,unresolved_reference,2,source_observation_pk,bigint,8,19,0,0,0,0
analysis,unresolved_reference,3,reference_role,varchar,64,0,0,0,0,0
analysis,unresolved_reference,4,resolution_state,varchar,64,0,0,0,0,0
analysis,unresolved_reference,5,finding_pk,bigint,8,19,0,1,0,0
media,asset,1,asset_id,varchar,64,0,0,0,0,0
media,asset,2,logical_key,nvarchar,900,0,0,0,0,0
media,asset,3,kind,varchar,40,0,0,0,0,0
media,asset,4,created_at,datetime2,8,27,7,0,0,0
media,asset_review,1,review_id,bigint,8,19,0,0,1,0
media,asset_review,2,revision_id,varchar,64,0,0,0,0,0
media,asset_review,3,binding_id,bigint,8,19,0,1,0,0
media,asset_review,4,decision,varchar,20,0,0,0,0,0
media,asset_review,5,reviewer,nvarchar,200,0,0,0,0,0
media,asset_review,6,reason,nvarchar,2000,0,0,0,0,0
media,asset_review,7,created_at,datetime2,8,27,7,0,0,0
media,asset_revision,1,revision_id,varchar,64,0,0,0,0,0
media,asset_revision,2,asset_id,varchar,64,0,0,0,0,0
media,asset_revision,3,blob_digest,binary,32,0,0,0,0,0
media,asset_revision,4,origin,varchar,20,0,0,0,0,0
media,asset_revision,5,generation_request_id,varchar,64,0,0,1,0,0
media,asset_revision,6,width,int,4,10,0,1,0,0
media,asset_revision,7,height,int,4,10,0,1,0,0
media,asset_revision,8,provenance_digest,binary,32,0,0,0,0,0
media,asset_revision,9,created_at,datetime2,8,27,7,0,0,0
media,asset_semantic_source,1,revision_id,varchar,64,0,0,0,0,0
media,asset_semantic_source,2,definition_pk,bigint,8,19,0,0,0,0
media,asset_semantic_source,3,role,varchar,40,0,0,0,0,0
media,asset_source,1,revision_id,varchar,64,0,0,0,0,0
media,asset_source,2,parent_revision_id,varchar,64,0,0,0,0,0
media,asset_source,3,role,varchar,40,0,0,0,0,0
media,blob,1,digest,binary,32,0,0,0,0,0
media,blob,2,bytes,varbinary,-1,0,0,0,0,0
media,blob,3,byte_length,bigint,8,19,0,0,0,0
media,blob,4,media_type,varchar,100,0,0,0,0,0
media,blob,5,created_at,datetime2,8,27,7,0,0,0
media,bundle_member,1,bundle_revision_id,varchar,64,0,0,0,0,0
media,bundle_member,2,relative_path,nvarchar,800,0,0,0,0,0
media,bundle_member,3,member_revision_id,varchar,64,0,0,0,0,0
media,entity_visual_binding,1,binding_id,bigint,8,19,0,0,1,0
media,entity_visual_binding,2,requirement_id,bigint,8,19,0,0,0,0
media,entity_visual_binding,3,revision_id,varchar,64,0,0,0,0,0
media,entity_visual_binding,4,alt_text,nvarchar,2000,0,0,0,0,0
media,entity_visual_binding,5,presentation_json,nvarchar,-1,0,0,0,0,0
media,generation_request,1,request_id,varchar,64,0,0,0,0,0
media,generation_request,2,requirement_id,bigint,8,19,0,0,0,0
media,generation_request,3,provider,varchar,80,0,0,0,0,0
media,generation_request,4,model,varchar,120,0,0,0,0,0
media,generation_request,5,request_blob_digest,binary,32,0,0,0,0,0
media,generation_request,6,state,varchar,40,0,0,0,0,0
media,generation_request,7,attempts,int,4,10,0,0,0,0
media,generation_request,8,provider_request_id,varchar,200,0,0,1,0,0
media,generation_request,9,failure_code,varchar,100,0,0,1,0,0
media,generation_request,10,created_at,datetime2,8,27,7,0,0,0
media,generation_request,11,updated_at,datetime2,8,27,7,0,0,0
media,schema_version,1,version,varchar,80,0,0,0,0,0
media,schema_version,2,digest,binary,32,0,0,0,0,0
media,schema_version,3,installed_at,datetime2,8,27,7,0,0,0
media,selection_history,1,selection_id,bigint,8,19,0,0,1,0
media,selection_history,2,requirement_id,bigint,8,19,0,0,0,0
media,selection_history,3,binding_id,bigint,8,19,0,0,0,0
media,selection_history,4,review_id,bigint,8,19,0,0,0,0
media,selection_history,5,selected_at,datetime2,8,27,7,0,0,0
media,subject,1,definition_pk,bigint,8,19,0,0,0,0
media,subject,2,object_pk,bigint,8,19,0,0,0,0
media,subject,3,object_kind,varchar,64,0,0,0,0,0
media,subject,4,definition_digest,binary,32,0,0,0,0,0
media,visual_requirement,1,requirement_id,bigint,8,19,0,0,1,0
media,visual_requirement,2,definition_pk,bigint,8,19,0,0,0,0
media,visual_requirement,3,purpose,varchar,40,0,0,0,0,0
media,visual_requirement,4,locale,varchar,20,0,0,0,0,0
media,visual_requirement,5,variant,varchar,40,0,0,0,0,0
media,visual_requirement,6,created_at,datetime2,8,27,7,0,0,0
media,visual_selection,1,requirement_id,bigint,8,19,0,0,0,0
media,visual_selection,2,binding_id,bigint,8,19,0,0,0,0
media,visual_selection,3,review_id,bigint,8,19,0,0,0,0
media,visual_selection,4,selected_at,datetime2,8,27,7,0,0,0
media,visual_selection,5,version,timestamp,8,0,0,0,0,0
model,authority,1,authority_pk,bigint,8,19,0,0,1,0
model,authority,2,namespace_pk,bigint,8,19,0,0,0,0
model,authority,3,authority_id,nvarchar,400,0,0,0,0,0
model,authority,4,semantic_object_pk,bigint,8,19,0,0,0,0
model,authority,5,object_kind,varchar,64,0,0,0,0,0
model,authority_definition,1,authority_definition_pk,bigint,8,19,0,0,1,0
model,authority_definition,2,authority_pk,bigint,8,19,0,0,0,0
model,authority_definition,3,semantic_object_pk,bigint,8,19,0,0,0,0
model,authority_definition,4,semantic_object_definition_pk,bigint,8,19,0,0,0,0
model,authority_definition,5,definition_digest,binary,32,0,0,0,0,0
model,authority_definition,6,authority_kind,varchar,64,0,0,0,0,0
model,authority_definition,7,authority_profile,nvarchar,400,0,0,0,0,0
model,authority_definition,8,object_kind,varchar,64,0,0,0,0,0
model,authority_definition,9,_owner_definition_pk,bigint,8,19,0,0,0,0
model,authority_definition,10,_canonical_pointer,nvarchar,400,0,0,0,0,0
model,authority_definition,11,_canonical_pointer_key,varbinary,800,0,0,1,0,1
model,binding_context,1,binding_context_pk,bigint,8,19,0,0,1,0
model,binding_context,2,context_digest,binary,32,0,0,0,0,0
model,binding_context,3,target_id,nvarchar,400,0,0,1,0,0
model,binding_context,4,environment_id,nvarchar,400,0,0,1,0,0
model,binding_context,5,provider_profile_version_pk,bigint,8,19,0,1,0,0
model,binding_context,6,canonical_content_pk,bigint,8,19,0,0,0,0
model,binding_mechanic_implementation,1,provider_binding_pk,bigint,8,19,0,0,0,0
model,binding_mechanic_implementation,2,provider_slot_pk,bigint,8,19,0,0,0,0
model,binding_mechanic_implementation,3,provider_definition_pk,bigint,8,19,0,0,0,0
model,binding_mechanic_implementation,4,slot_mechanic_requirement_pk,bigint,8,19,0,0,0,0
model,binding_mechanic_implementation,5,mechanic_version_pk,bigint,8,19,0,0,0,0
model,binding_mechanic_implementation,6,provider_mechanic_implementation_pk,bigint,8,19,0,0,0,0
model,binding_mechanic_implementation,7,_owner_definition_pk,bigint,8,19,0,0,0,0
model,binding_mechanic_implementation,8,_canonical_pointer,nvarchar,400,0,0,0,0,0
model,binding_mechanic_implementation,9,_canonical_pointer_key,varbinary,800,0,0,1,0,1
model,binding_port_implementation,1,provider_binding_pk,bigint,8,19,0,0,0,0
model,binding_port_implementation,2,provider_slot_pk,bigint,8,19,0,0,0,0
model,binding_port_implementation,3,provider_definition_pk,bigint,8,19,0,0,0,0
model,binding_port_implementation,4,slot_port_requirement_pk,bigint,8,19,0,0,0,0
model,binding_port_implementation,5,port_version_pk,bigint,8,19,0,0,0,0
model,binding_port_implementation,6,provider_port_implementation_pk,bigint,8,19,0,0,0,0
model,binding_port_implementation,7,_owner_definition_pk,bigint,8,19,0,0,0,0
model,binding_port_implementation,8,_canonical_pointer,nvarchar,400,0,0,0,0,0
model,binding_port_implementation,9,_canonical_pointer_key,varbinary,800,0,0,1,0,1
model,blueprint,1,blueprint_pk,bigint,8,19,0,0,1,0
model,blueprint,2,namespace_pk,bigint,8,19,0,0,0,0
model,blueprint,3,blueprint_id,nvarchar,400,0,0,0,0,0
model,blueprint,4,semantic_object_pk,bigint,8,19,0,0,0,0
model,blueprint,5,object_kind,varchar,64,0,0,0,0,0
model,blueprint_bounded_return,1,blueprint_edge_pk,bigint,8,19,0,0,0,0
model,blueprint_bounded_return,2,return_kind,varchar,64,0,0,0,0,0
model,blueprint_bounded_return,3,declared_bound_content_pk,bigint,8,19,0,0,0,0
model,blueprint_bounded_return,4,authority_definition_pk,bigint,8,19,0,0,0,0
model,blueprint_bounded_return,5,_owner_definition_pk,bigint,8,19,0,0,0,0
model,blueprint_bounded_return,6,_canonical_pointer,nvarchar,400,0,0,0,0,0
model,blueprint_bounded_return,7,_canonical_pointer_key,varbinary,800,0,0,1,0,1
model,blueprint_convergence_requirement,1,blueprint_version_pk,bigint,8,19,0,0,0,0
model,blueprint_convergence_requirement,2,convergence_node_pk,bigint,8,19,0,0,0,0
model,blueprint_convergence_requirement,3,product_definition_pk,bigint,8,19,0,0,0,0
model,blueprint_convergence_requirement,4,_owner_definition_pk,bigint,8,19,0,0,0,0
model,blueprint_convergence_requirement,5,_canonical_pointer,nvarchar,400,0,0,0,0,0
model,blueprint_convergence_requirement,6,_canonical_pointer_key,varbinary,800,0,0,1,0,1
model,blueprint_edge,1,blueprint_edge_pk,bigint,8,19,0,0,1,0
model,blueprint_edge,2,blueprint_version_pk,bigint,8,19,0,0,0,0
model,blueprint_edge,3,edge_id,nvarchar,400,0,0,0,0,0
model,blueprint_edge,4,from_node_pk,bigint,8,19,0,0,0,0
model,blueprint_edge,5,to_node_pk,bigint,8,19,0,0,0,0
model,blueprint_edge,6,topology_role,varchar,64,0,0,0,0,0
model,blueprint_edge,7,contract_relation,varchar,64,0,0,1,0,0
model,blueprint_edge,8,semantic_progress,varchar,64,0,0,1,0,0
model,blueprint_edge,9,source_scenario_version_pk,bigint,8,19,0,1,0,0
model,blueprint_edge,10,selecting_variant_pk,bigint,8,19,0,1,0,0
model,blueprint_edge,11,semantic_precedence,varchar,64,0,0,0,0,0
model,blueprint_edge,12,projection_ordinal,int,4,10,0,0,0,0
model,blueprint_edge,13,binding_authority_definition_pk,bigint,8,19,0,0,0,0
model,blueprint_edge,14,_owner_definition_pk,bigint,8,19,0,0,0,0
model,blueprint_edge,15,_canonical_pointer,nvarchar,400,0,0,0,0,0
model,blueprint_edge,16,_canonical_pointer_key,varbinary,800,0,0,1,0,1
model,blueprint_edge_contract,1,blueprint_edge_pk,bigint,8,19,0,0,0,0
model,blueprint_edge_contract,2,contract_relation,varchar,64,0,0,0,0,0
model,blueprint_edge_contract,3,product_definition_pk,bigint,8,19,0,0,0,0
model,blueprint_edge_contract,4,downstream_scenario_version_pk,bigint,8,19,0,0,0,0
model,blueprint_edge_contract,5,compatibility_authority_definition_pk,bigint,8,19,0,1,0,0
model,blueprint_edge_contract,6,_owner_definition_pk,bigint,8,19,0,0,0,0
model,blueprint_edge_contract,7,_canonical_pointer,nvarchar,400,0,0,0,0,0
model,blueprint_edge_contract,8,_canonical_pointer_key,varbinary,800,0,0,1,0,1
model,blueprint_fan_out_member,1,blueprint_version_pk,bigint,8,19,0,0,0,0
model,blueprint_fan_out_member,2,blueprint_fan_out_set_pk,bigint,8,19,0,0,0,0
model,blueprint_fan_out_member,3,blueprint_edge_pk,bigint,8,19,0,0,0,0
model,blueprint_fan_out_member,4,_owner_definition_pk,bigint,8,19,0,0,0,0
model,blueprint_fan_out_member,5,_canonical_pointer,nvarchar,400,0,0,0,0,0
model,blueprint_fan_out_member,6,_canonical_pointer_key,varbinary,800,0,0,1,0,1
model,blueprint_fan_out_set,1,blueprint_fan_out_set_pk,bigint,8,19,0,0,1,0
model,blueprint_fan_out_set,2,blueprint_version_pk,bigint,8,19,0,0,0,0
model,blueprint_fan_out_set,3,fan_out_set_id,nvarchar,400,0,0,0,0,0
model,blueprint_fan_out_set,4,_owner_definition_pk,bigint,8,19,0,0,0,0
model,blueprint_fan_out_set,5,_canonical_pointer,nvarchar,400,0,0,0,0,0
model,blueprint_fan_out_set,6,_canonical_pointer_key,varbinary,800,0,0,1,0,1
model,blueprint_node,1,blueprint_node_pk,bigint,8,19,0,0,1,0
model,blueprint_node,2,blueprint_version_pk,bigint,8,19,0,0,0,0
model,blueprint_node,3,node_id,nvarchar,400,0,0,0,0,0
model,blueprint_node,4,node_kind,varchar,64,0,0,0,0,0
model,blueprint_node,5,altitude,varchar,64,0,0,0,0,0
model,blueprint_node,6,projection_ordinal,int,4,10,0,0,0,0
model,blueprint_node,7,semantic_object_definition_pk,bigint,8,19,0,1,0,0
model,blueprint_node,8,expected_semantic_kind,varchar,64,0,0,1,0,0
model,blueprint_node,9,terminal_disposition,nvarchar,400,0,0,1,0,0
model,blueprint_node,10,_owner_definition_pk,bigint,8,19,0,0,0,0
model,blueprint_node,11,_canonical_pointer,nvarchar,400,0,0,0,0,0
model,blueprint_node,12,_canonical_pointer_key,varbinary,800,0,0,1,0,1
model,blueprint_node_face,1,blueprint_node_pk,bigint,8,19,0,0,0,0
model,blueprint_node_face,2,position,varchar,64,0,0,0,0,0
model,blueprint_node_face,3,semantic_object_definition_pk,bigint,8,19,0,0,0,0
model,blueprint_node_face,4,expected_kind,varchar,64,0,0,0,0,0
model,blueprint_node_face,5,_owner_definition_pk,bigint,8,19,0,0,0,0
model,blueprint_node_face,6,_canonical_pointer,nvarchar,400,0,0,0,0,0
model,blueprint_node_face,7,_canonical_pointer_key,varbinary,800,0,0,1,0,1
model,blueprint_node_scenario,1,blueprint_version_pk,bigint,8,19,0,0,0,0
model,blueprint_node_scenario,2,blueprint_node_pk,bigint,8,19,0,0,0,0
model,blueprint_node_scenario,3,scenario_version_pk,bigint,8,19,0,0,0,0
model,blueprint_node_scenario,4,_owner_definition_pk,bigint,8,19,0,0,0,0
model,blueprint_node_scenario,5,_canonical_pointer,nvarchar,400,0,0,0,0,0
model,blueprint_node_scenario,6,_canonical_pointer_key,varbinary,800,0,0,1,0,1
model,blueprint_observed_invocation_mapping,1,estate_model_pk,bigint,8,19,0,0,0,0
model,blueprint_observed_invocation_mapping,2,blueprint_edge_pk,bigint,8,19,0,0,0,0
model,blueprint_observed_invocation_mapping,3,source_observation_pk,bigint,8,19,0,0,0,0
model,blueprint_observed_invocation_mapping,4,mapping_authority_definition_pk,bigint,8,19,0,0,0,0
model,blueprint_observed_transition_mapping,1,estate_model_pk,bigint,8,19,0,0,0,0
model,blueprint_observed_transition_mapping,2,blueprint_edge_pk,bigint,8,19,0,0,0,0
model,blueprint_observed_transition_mapping,3,source_observation_pk,bigint,8,19,0,0,0,0
model,blueprint_observed_transition_mapping,4,mapping_authority_definition_pk,bigint,8,19,0,0,0,0
model,blueprint_version,1,blueprint_version_pk,bigint,8,19,0,0,1,0
model,blueprint_version,2,blueprint_pk,bigint,8,19,0,0,0,0
model,blueprint_version,3,semantic_object_pk,bigint,8,19,0,0,0,0
model,blueprint_version,4,semantic_object_definition_pk,bigint,8,19,0,0,0,0
model,blueprint_version,5,definition_digest,binary,32,0,0,0,0,0
model,blueprint_version,6,capability_pk,bigint,8,19,0,0,0,0
model,blueprint_version,7,capability_version_pk,bigint,8,19,0,0,0,0
model,blueprint_version,8,carrier_profile,nvarchar,400,0,0,0,0,0
model,blueprint_version,9,source_disposition,varchar,64,0,0,0,0,0
model,blueprint_version,10,object_kind,varchar,64,0,0,0,0,0
model,blueprint_version,11,_owner_definition_pk,bigint,8,19,0,0,0,0
model,blueprint_version,12,_canonical_pointer,nvarchar,400,0,0,0,0,0
model,blueprint_version,13,_canonical_pointer_key,varbinary,800,0,0,1,0,1
model,c4_code_mapping,1,c4_code_mapping_pk,bigint,8,19,0,0,1,0
model,c4_code_mapping,2,blueprint_version_pk,bigint,8,19,0,0,0,0
model,c4_code_mapping,3,ordinal,int,4,10,0,0,0,0
model,c4_code_mapping,4,element_id,nvarchar,400,0,0,1,0,0
model,c4_code_mapping,5,c4_component_pk,bigint,8,19,0,1,0,0
model,c4_code_mapping,6,realization_authority_definition_pk,bigint,8,19,0,0,0,0
model,c4_code_mapping,7,code_locator,nvarchar,-1,0,0,1,0,0
model,c4_code_mapping,8,_owner_definition_pk,bigint,8,19,0,0,0,0
model,c4_code_mapping,9,_canonical_pointer,nvarchar,400,0,0,0,0,0
model,c4_code_mapping,10,_canonical_pointer_key,varbinary,800,0,0,1,0,1
model,c4_code_mapping_node,1,blueprint_version_pk,bigint,8,19,0,0,0,0
model,c4_code_mapping_node,2,c4_code_mapping_pk,bigint,8,19,0,0,0,0
model,c4_code_mapping_node,3,blueprint_node_pk,bigint,8,19,0,0,0,0
model,c4_code_mapping_node,4,_owner_definition_pk,bigint,8,19,0,0,0,0
model,c4_code_mapping_node,5,_canonical_pointer,nvarchar,400,0,0,0,0,0
model,c4_code_mapping_node,6,_canonical_pointer_key,varbinary,800,0,0,1,0,1
model,c4_component,1,c4_component_pk,bigint,8,19,0,0,1,0
model,c4_component,2,blueprint_version_pk,bigint,8,19,0,0,0,0
model,c4_component,3,element_id,nvarchar,400,0,0,0,0,0
model,c4_component,4,realization_authority_definition_pk,bigint,8,19,0,0,0,0
model,c4_component,5,semantic_object_pk,bigint,8,19,0,0,0,0
model,c4_component,6,semantic_object_definition_pk,bigint,8,19,0,0,0,0
model,c4_component,7,namespace_pk,bigint,8,19,0,0,0,0
model,c4_component,8,definition_digest,binary,32,0,0,0,0,0
model,c4_component,9,object_kind,varchar,64,0,0,0,0,0
model,c4_component,10,_owner_definition_pk,bigint,8,19,0,0,0,0
model,c4_component,11,_canonical_pointer,nvarchar,400,0,0,0,0,0
model,c4_component,12,_canonical_pointer_key,varbinary,800,0,0,1,0,1
model,c4_component,13,c4_container_pk,bigint,8,19,0,1,0,0
model,c4_component_node,1,blueprint_version_pk,bigint,8,19,0,0,0,0
model,c4_component_node,2,c4_component_pk,bigint,8,19,0,0,0,0
model,c4_component_node,3,blueprint_node_pk,bigint,8,19,0,0,0,0
model,c4_component_node,4,_owner_definition_pk,bigint,8,19,0,0,0,0
model,c4_component_node,5,_canonical_pointer,nvarchar,400,0,0,0,0,0
model,c4_component_node,6,_canonical_pointer_key,varbinary,800,0,0,1,0,1
model,c4_container,1,c4_container_pk,bigint,8,19,0,0,1,0
model,c4_container,2,blueprint_version_pk,bigint,8,19,0,0,0,0
model,c4_container,3,element_id,nvarchar,400,0,0,0,0,0
model,c4_container,4,realization_authority_definition_pk,bigint,8,19,0,0,0,0
model,c4_container,5,semantic_object_pk,bigint,8,19,0,0,0,0
model,c4_container,6,semantic_object_definition_pk,bigint,8,19,0,0,0,0
model,c4_container,7,namespace_pk,bigint,8,19,0,0,0,0
model,c4_container,8,definition_digest,binary,32,0,0,0,0,0
model,c4_container,9,object_kind,varchar,64,0,0,0,0,0
model,c4_container,10,_owner_definition_pk,bigint,8,19,0,0,0,0
model,c4_container,11,_canonical_pointer,nvarchar,400,0,0,0,0,0
model,c4_container,12,_canonical_pointer_key,varbinary,800,0,0,1,0,1
model,c4_container,13,c4_context_pk,bigint,8,19,0,1,0,0
model,c4_container_node,1,blueprint_version_pk,bigint,8,19,0,0,0,0
model,c4_container_node,2,c4_container_pk,bigint,8,19,0,0,0,0
model,c4_container_node,3,blueprint_node_pk,bigint,8,19,0,0,0,0
model,c4_container_node,4,_owner_definition_pk,bigint,8,19,0,0,0,0
model,c4_container_node,5,_canonical_pointer,nvarchar,400,0,0,0,0,0
model,c4_container_node,6,_canonical_pointer_key,varbinary,800,0,0,1,0,1
model,c4_context,1,c4_context_pk,bigint,8,19,0,0,1,0
model,c4_context,2,blueprint_version_pk,bigint,8,19,0,0,0,0
model,c4_context,3,element_id,nvarchar,400,0,0,0,0,0
model,c4_context,4,realization_authority_definition_pk,bigint,8,19,0,0,0,0
model,c4_context,5,semantic_object_pk,bigint,8,19,0,0,0,0
model,c4_context,6,semantic_object_definition_pk,bigint,8,19,0,0,0,0
model,c4_context,7,namespace_pk,bigint,8,19,0,0,0,0
model,c4_context,8,definition_digest,binary,32,0,0,0,0,0
model,c4_context,9,object_kind,varchar,64,0,0,0,0,0
model,c4_context,10,_owner_definition_pk,bigint,8,19,0,0,0,0
model,c4_context,11,_canonical_pointer,nvarchar,400,0,0,0,0,0
model,c4_context,12,_canonical_pointer_key,varbinary,800,0,0,1,0,1
model,c4_context_node,1,blueprint_version_pk,bigint,8,19,0,0,0,0
model,c4_context_node,2,c4_context_pk,bigint,8,19,0,0,0,0
model,c4_context_node,3,blueprint_node_pk,bigint,8,19,0,0,0,0
model,c4_context_node,4,_owner_definition_pk,bigint,8,19,0,0,0,0
model,c4_context_node,5,_canonical_pointer,nvarchar,400,0,0,0,0,0
model,c4_context_node,6,_canonical_pointer_key,varbinary,800,0,0,1,0,1
model,capability,1,capability_pk,bigint,8,19,0,0,1,0
model,capability,2,namespace_pk,bigint,8,19,0,0,0,0
model,capability,3,capability_id,nvarchar,400,0,0,0,0,0
model,capability,4,semantic_object_pk,bigint,8,19,0,0,0,0
model,capability,5,object_kind,varchar,64,0,0,0,0,0
model,capability,6,feature_pk,bigint,8,19,0,0,0,0
model,capability_feature,1,capability_feature_pk,bigint,8,19,0,0,1,0
model,capability_feature,2,capability_version_pk,bigint,8,19,0,0,0,0
model,capability_feature,3,feature_version_pk,bigint,8,19,0,0,0,0
model,capability_feature,4,capability_pk,bigint,8,19,0,0,0,0
model,capability_feature,5,binding_role,varchar,16,0,0,0,0,0
model,capability_root_scenario,1,capability_version_pk,bigint,8,19,0,0,0,0
model,capability_root_scenario,2,scenario_pk,bigint,8,19,0,0,0,0
model,capability_root_scenario,3,_owner_definition_pk,bigint,8,19,0,0,0,0
model,capability_root_scenario,4,_canonical_pointer,nvarchar,400,0,0,0,0,0
model,capability_root_scenario,5,_canonical_pointer_key,varbinary,800,0,0,1,0,1
model,capability_scenario,1,capability_pk,bigint,8,19,0,0,0,0
model,capability_scenario,2,capability_version_pk,bigint,8,19,0,0,0,0
model,capability_scenario,3,scenario_pk,bigint,8,19,0,0,0,0
model,capability_scenario,4,scenario_version_pk,bigint,8,19,0,0,0,0
model,capability_scenario,5,_owner_definition_pk,bigint,8,19,0,0,0,0
model,capability_scenario,6,_canonical_pointer,nvarchar,400,0,0,0,0,0
model,capability_scenario,7,_canonical_pointer_key,varbinary,800,0,0,1,0,1
model,capability_version,1,capability_version_pk,bigint,8,19,0,0,1,0
model,capability_version,2,capability_pk,bigint,8,19,0,0,0,0
model,capability_version,3,semantic_object_pk,bigint,8,19,0,0,0,0
model,capability_version,4,semantic_object_definition_pk,bigint,8,19,0,0,0,0
model,capability_version,5,definition_digest,binary,32,0,0,0,0,0
model,capability_version,6,name,nvarchar,-1,0,0,0,0,0
model,capability_version,7,actor,nvarchar,-1,0,0,1,0,0
model,capability_version,8,intent,nvarchar,-1,0,0,1,0,0
model,capability_version,9,outcome,nvarchar,-1,0,0,1,0,0
model,capability_version,10,experience_id,nvarchar,400,0,0,1,0,0
model,capability_version,11,experience_actor,nvarchar,-1,0,0,1,0,0
model,capability_version,12,experience_promise,nvarchar,-1,0,0,1,0,0
model,capability_version,13,object_kind,varchar,64,0,0,0,0,0
model,capability_version,14,_owner_definition_pk,bigint,8,19,0,0,0,0
model,capability_version,15,_canonical_pointer,nvarchar,400,0,0,0,0,0
model,capability_version,16,_canonical_pointer_key,varbinary,800,0,0,1,0,1
model,contract,1,contract_pk,bigint,8,19,0,0,1,0
model,contract,2,namespace_pk,bigint,8,19,0,0,0,0
model,contract,3,contract_id,nvarchar,400,0,0,0,0,0
model,contract,4,semantic_object_pk,bigint,8,19,0,0,0,0
model,contract,5,object_kind,varchar,64,0,0,0,0,0
model,contract_version,1,contract_version_pk,bigint,8,19,0,0,1,0
model,contract_version,2,contract_pk,bigint,8,19,0,0,0,0
model,contract_version,3,semantic_object_pk,bigint,8,19,0,0,0,0
model,contract_version,4,semantic_object_definition_pk,bigint,8,19,0,0,0,0
model,contract_version,5,definition_digest,binary,32,0,0,0,0,0
model,contract_version,6,name,nvarchar,-1,0,0,1,0,0
model,contract_version,7,contract_kind,varchar,64,0,0,1,0,0
model,contract_version,8,schema_object_pk,bigint,8,19,0,1,0,0
model,contract_version,9,object_kind,varchar,64,0,0,0,0,0
model,contract_version,10,_owner_definition_pk,bigint,8,19,0,0,0,0
model,contract_version,11,_canonical_pointer,nvarchar,400,0,0,0,0,0
model,contract_version,12,_canonical_pointer_key,varbinary,800,0,0,1,0,1
model,contract_version,13,schema_reference_state,varchar,64,0,0,0,0,0
model,definition_version_label,1,semantic_object_pk,bigint,8,19,0,0,0,0
model,definition_version_label,2,version_label,nvarchar,400,0,0,0,0,0
model,definition_version_label,3,semantic_object_definition_pk,bigint,8,19,0,0,0,0
model,definition_version_label,4,definition_digest,binary,32,0,0,0,0,0
model,definition_version_label,5,_owner_definition_pk,bigint,8,19,0,0,0,0
model,definition_version_label,6,_canonical_pointer,nvarchar,400,0,0,0,0,0
model,definition_version_label,7,_canonical_pointer_key,varbinary,800,0,0,1,0,1
model,estate_capability,1,estate_model_pk,bigint,8,19,0,0,0,0
model,estate_capability,2,capability_pk,bigint,8,19,0,0,0,0
model,estate_capability,3,capability_version_pk,bigint,8,19,0,0,0,0
model,estate_capability,4,semantic_object_definition_pk,bigint,8,19,0,0,0,0
model,estate_capability_feature,1,estate_model_pk,bigint,8,19,0,0,0,0
model,estate_capability_feature,2,capability_pk,bigint,8,19,0,0,0,0
model,estate_capability_feature,3,capability_version_pk,bigint,8,19,0,0,0,0
model,estate_capability_feature,4,feature_version_pk,bigint,8,19,0,0,0,0
model,estate_capability_feature,5,binding_role,varchar,16,0,0,0,0,0
model,estate_definition,1,estate_model_pk,bigint,8,19,0,0,0,0
model,estate_definition,2,semantic_object_definition_pk,bigint,8,19,0,0,0,0
model,estate_scenario_face_resolution,1,estate_model_pk,bigint,8,19,0,0,0,0
model,estate_scenario_face_resolution,2,scenario_version_pk,bigint,8,19,0,0,0,0
model,estate_scenario_face_resolution,3,role,varchar,16,0,0,0,0,0
model,estate_scenario_face_resolution,4,contract_version_pk,bigint,8,19,0,1,0,0
model,estate_scenario_face_resolution,5,execution_authority_version_pk,bigint,8,19,0,1,0,0
model,estate_scenario_face_resolution,6,resolution_state,varchar,64,0,0,0,0,0
model,execution_authority,1,execution_authority_pk,bigint,8,19,0,0,1,0
model,execution_authority,2,namespace_pk,bigint,8,19,0,0,0,0
model,execution_authority,3,execution_authority_id,nvarchar,400,0,0,0,0,0
model,execution_authority,4,semantic_object_pk,bigint,8,19,0,0,0,0
model,execution_authority,5,object_kind,varchar,64,0,0,0,0,0
model,execution_authority_version,1,execution_authority_version_pk,bigint,8,19,0,0,1,0
model,execution_authority_version,2,execution_authority_pk,bigint,8,19,0,0,0,0
model,execution_authority_version,3,semantic_object_pk,bigint,8,19,0,0,0,0
model,execution_authority_version,4,semantic_object_definition_pk,bigint,8,19,0,0,0,0
model,execution_authority_version,5,definition_digest,binary,32,0,0,0,0,0
model,execution_authority_version,6,authority_profile,nvarchar,400,0,0,0,0,0
model,execution_authority_version,7,object_kind,varchar,64,0,0,0,0,0
model,execution_authority_version,8,_owner_definition_pk,bigint,8,19,0,0,0,0
model,execution_authority_version,9,_canonical_pointer,nvarchar,400,0,0,0,0,0
model,execution_authority_version,10,_canonical_pointer_key,varbinary,800,0,0,1,0,1
model,execution_operation,1,execution_operation_pk,bigint,8,19,0,0,1,0
model,execution_operation,2,execution_authority_version_pk,bigint,8,19,0,0,0,0
model,execution_operation,3,operation_id,nvarchar,400,0,0,1,0,0
model,execution_operation,4,ordinal,int,4,10,0,0,0,0
model,execution_operation,5,operation_kind,varchar,64,0,0,0,0,0
model,execution_operation,6,_owner_definition_pk,bigint,8,19,0,0,0,0
model,execution_operation,7,_canonical_pointer,nvarchar,400,0,0,0,0,0
model,execution_operation,8,_canonical_pointer_key,varbinary,800,0,0,1,0,1
model,expression_semantic_reference,1,expression_node_pk,bigint,8,19,0,0,0,0
model,expression_semantic_reference,2,semantic_object_definition_pk,bigint,8,19,0,0,0,0
model,expression_semantic_reference,3,expected_kind,varchar,64,0,0,0,0,0
model,expression_semantic_reference,4,_owner_definition_pk,bigint,8,19,0,0,0,0
model,expression_semantic_reference,5,_canonical_pointer,nvarchar,400,0,0,0,0,0
model,expression_semantic_reference,6,_canonical_pointer_key,varbinary,800,0,0,1,0,1
model,feature,1,feature_pk,bigint,8,19,0,0,1,0
model,feature,2,namespace_pk,bigint,8,19,0,0,0,0
model,feature,3,feature_id,nvarchar,400,0,0,0,0,0
model,feature,5,semantic_object_pk,bigint,8,19,0,0,0,0
model,feature,6,object_kind,varchar,64,0,0,0,0,0
model,feature_scenario,1,feature_version_pk,bigint,8,19,0,0,0,0
model,feature_scenario,2,scenario_pk,bigint,8,19,0,0,0,0
model,feature_scenario,3,scenario_version_pk,bigint,8,19,0,0,0,0
model,feature_scenario,4,capability_pk,bigint,8,19,0,0,0,0
model,feature_scenario,5,ordinal,int,4,10,0,0,0,0
model,feature_version,1,feature_version_pk,bigint,8,19,0,0,1,0
model,feature_version,2,feature_pk,bigint,8,19,0,0,0,0
model,feature_version,3,capability_pk,bigint,8,19,0,0,0,0
model,feature_version,4,semantic_object_pk,bigint,8,19,0,0,0,0
model,feature_version,5,semantic_object_definition_pk,bigint,8,19,0,0,0,0
model,feature_version,6,definition_digest,binary,32,0,0,0,0,0
model,feature_version,7,name,nvarchar,-1,0,0,1,0,0
model,feature_version,8,source_profile,nvarchar,400,0,0,0,0,0
model,feature_version,9,object_kind,varchar,64,0,0,0,0,0
model,feature_version,10,_owner_definition_pk,bigint,8,19,0,0,0,0
model,feature_version,11,_canonical_pointer,nvarchar,400,0,0,0,0,0
model,fixture,1,fixture_pk,bigint,8,19,0,0,1,0
model,fixture,2,owner_definition_pk,bigint,8,19,0,0,0,0
model,fixture,3,fixture_id,nvarchar,400,0,0,0,0,0
model,fixture,4,fixture_profile,nvarchar,400,0,0,0,0,0
model,fixture,5,semantic_object_pk,bigint,8,19,0,0,0,0
model,fixture,6,semantic_object_definition_pk,bigint,8,19,0,0,0,0
model,fixture,7,namespace_pk,bigint,8,19,0,0,0,0
model,fixture,8,definition_digest,binary,32,0,0,0,0,0
model,fixture,9,object_kind,varchar,64,0,0,0,0,0
model,fixture,10,_owner_definition_pk,bigint,8,19,0,0,0,0
model,fixture,11,_canonical_pointer,nvarchar,400,0,0,0,0,0
model,fixture,12,_canonical_pointer_key,varbinary,800,0,0,1,0,1
model,fixture_assertion,1,fixture_assertion_pk,bigint,8,19,0,0,1,0
model,fixture_assertion,2,fixture_case_pk,bigint,8,19,0,0,0,0
model,fixture_assertion,3,ordinal,int,4,10,0,0,0,0
model,fixture_assertion,4,condition_id,nvarchar,400,0,0,1,0,0
model,fixture_assertion,5,path,nvarchar,-1,0,0,0,0,0
model,fixture_assertion,6,operator,nvarchar,400,0,0,0,0,0
model,fixture_assertion,7,expected_value_content_pk,bigint,8,19,0,0,0,0
model,fixture_assertion,8,_owner_definition_pk,bigint,8,19,0,0,0,0
model,fixture_assertion,9,_canonical_pointer,nvarchar,400,0,0,0,0,0
model,fixture_assertion,10,_canonical_pointer_key,varbinary,800,0,0,1,0,1
model,fixture_assertion_condition,1,fixture_assertion_pk,bigint,8,19,0,0,0,0
model,fixture_assertion_condition,2,observable_condition_pk,bigint,8,19,0,0,0,0
model,fixture_assertion_condition,3,_owner_definition_pk,bigint,8,19,0,0,0,0
model,fixture_assertion_condition,4,_canonical_pointer,nvarchar,400,0,0,0,0,0
model,fixture_assertion_condition,5,_canonical_pointer_key,varbinary,800,0,0,1,0,1
model,fixture_case,1,fixture_case_pk,bigint,8,19,0,0,1,0
model,fixture_case,2,fixture_pk,bigint,8,19,0,0,0,0
model,fixture_case,3,case_id,nvarchar,400,0,0,1,0,0
model,fixture_case,4,ordinal,int,4,10,0,0,0,0
model,fixture_case,5,input_content_pk,bigint,8,19,0,0,0,0
model,fixture_case,6,expected_disposition,nvarchar,400,0,0,1,0,0
model,fixture_case,7,terminal_scenario_version_pk,bigint,8,19,0,1,0,0
model,fixture_case,8,_owner_definition_pk,bigint,8,19,0,0,0,0
model,fixture_case,9,_canonical_pointer,nvarchar,400,0,0,0,0,0
model,fixture_case,10,_canonical_pointer_key,varbinary,800,0,0,1,0,1
model,fixture_port_outcome,1,fixture_case_pk,bigint,8,19,0,0,0,0
model,fixture_port_outcome,2,port_version_pk,bigint,8,19,0,0,0,0
model,fixture_port_outcome,3,ordinal,int,4,10,0,0,0,0
model,fixture_port_outcome,4,content_object_pk,bigint,8,19,0,0,0,0
model,fixture_port_outcome,5,_owner_definition_pk,bigint,8,19,0,0,0,0
model,fixture_port_outcome,6,_canonical_pointer,nvarchar,400,0,0,0,0,0
model,fixture_port_outcome,7,_canonical_pointer_key,varbinary,800,0,0,1,0,1
model,fixture_scenario_step,1,fixture_case_pk,bigint,8,19,0,0,0,0
model,fixture_scenario_step,2,ordinal,int,4,10,0,0,0,0
model,fixture_scenario_step,3,scenario_version_pk,bigint,8,19,0,0,0,0
model,fixture_scenario_step,4,_owner_definition_pk,bigint,8,19,0,0,0,0
model,fixture_scenario_step,5,_canonical_pointer,nvarchar,400,0,0,0,0,0
model,fixture_scenario_step,6,_canonical_pointer_key,varbinary,800,0,0,1,0,1
model,identity_namespace,1,namespace_pk,bigint,8,19,0,0,1,0
model,identity_namespace,2,namespace_kind,varchar,64,0,0,0,0,0
model,identity_namespace,3,namespace_id,nvarchar,400,0,0,0,0,0
model,mechanic,1,mechanic_pk,bigint,8,19,0,0,1,0
model,mechanic,2,namespace_pk,bigint,8,19,0,0,0,0
model,mechanic,3,mechanic_id,nvarchar,400,0,0,0,0,0
model,mechanic,4,semantic_object_pk,bigint,8,19,0,0,0,0
model,mechanic,5,object_kind,varchar,64,0,0,0,0,0
model,mechanic_version,1,mechanic_version_pk,bigint,8,19,0,0,1,0
model,mechanic_version,2,mechanic_pk,bigint,8,19,0,0,0,0
model,mechanic_version,3,semantic_object_pk,bigint,8,19,0,0,0,0
model,mechanic_version,4,semantic_object_definition_pk,bigint,8,19,0,0,0,0
model,mechanic_version,5,definition_digest,binary,32,0,0,0,0,0
model,mechanic_version,6,name,nvarchar,-1,0,0,1,0,0
model,mechanic_version,7,mechanic_kind,varchar,64,0,0,1,0,0
model,mechanic_version,8,definition_profile,nvarchar,400,0,0,0,0,0
model,mechanic_version,9,object_kind,varchar,64,0,0,0,0,0
model,mechanic_version,10,_owner_definition_pk,bigint,8,19,0,0,0,0
model,mechanic_version,11,_canonical_pointer,nvarchar,400,0,0,0,0,0
model,mechanic_version,12,_canonical_pointer_key,varbinary,800,0,0,1,0,1
model,namespace_owner,1,namespace_pk,bigint,8,19,0,0,0,0
model,namespace_owner,2,owner_semantic_object_pk,bigint,8,19,0,0,0,0
model,namespace_owner,3,scope_kind,varchar,64,0,0,0,0,0
model,observable_condition,1,observable_condition_pk,bigint,8,19,0,0,1,0
model,observable_condition,2,owner_definition_pk,bigint,8,19,0,0,0,0
model,observable_condition,3,condition_id,nvarchar,400,0,0,0,0,0
model,observable_condition,4,statement,nvarchar,-1,0,0,1,0,0
model,observable_condition,5,semantic_object_pk,bigint,8,19,0,0,0,0
model,observable_condition,6,semantic_object_definition_pk,bigint,8,19,0,0,0,0
model,observable_condition,7,namespace_pk,bigint,8,19,0,0,0,0
model,observable_condition,8,definition_digest,binary,32,0,0,0,0,0
model,observable_condition,9,object_kind,varchar,64,0,0,0,0,0
model,observable_condition,10,_owner_definition_pk,bigint,8,19,0,0,0,0
model,observable_condition,11,_canonical_pointer,nvarchar,400,0,0,0,0,0
model,observable_condition,12,_canonical_pointer_key,varbinary,800,0,0,1,0,1
model,observed_execution_scenario_invocation,1,source_observation_pk,bigint,8,19,0,0,0,0
model,observed_execution_scenario_invocation,2,execution_authority_ref,nvarchar,-1,0,0,1,0,0
model,observed_execution_scenario_invocation,3,operation_ordinal,int,4,10,0,0,0,0
model,observed_execution_scenario_invocation,4,target_scenario_ref,nvarchar,-1,0,0,1,0,0
model,observed_invocation_resolution,1,estate_model_pk,bigint,8,19,0,0,0,0
model,observed_invocation_resolution,2,source_observation_pk,bigint,8,19,0,0,0,0
model,observed_invocation_resolution,3,execution_operation_pk,bigint,8,19,0,0,0,0
model,observed_semantic_graph_transition,1,source_observation_pk,bigint,8,19,0,0,0,0
model,observed_semantic_graph_transition,2,transition_id,nvarchar,400,0,0,1,0,0
model,observed_semantic_graph_transition,3,from_scenario_ref,nvarchar,-1,0,0,1,0,0
model,observed_semantic_graph_transition,4,from_outcome_ref,nvarchar,-1,0,0,1,0,0
model,observed_semantic_graph_transition,5,to_scenario_ref,nvarchar,-1,0,0,1,0,0
model,observed_semantic_graph_transition,6,to_input_ref,nvarchar,-1,0,0,1,0,0
model,observed_semantic_graph_transition,7,declared_topology,nvarchar,400,0,0,1,0,0
model,observed_semantic_graph_transition,8,declared_progress,nvarchar,400,0,0,1,0,0
model,observed_semantic_graph_transition,9,selected_variant_ref,nvarchar,-1,0,0,1,0,0
model,observed_transition_resolution,1,estate_model_pk,bigint,8,19,0,0,0,0
model,observed_transition_resolution,2,source_observation_pk,bigint,8,19,0,0,0,0
model,observed_transition_resolution,3,source_scenario_version_pk,bigint,8,19,0,0,0,0
model,observed_transition_resolution,4,target_scenario_version_pk,bigint,8,19,0,0,0,0
model,observed_transition_resolution,5,selecting_variant_pk,bigint,8,19,0,1,0,0
model,operation_mechanic,1,execution_operation_pk,bigint,8,19,0,0,0,0
model,operation_mechanic,2,mechanic_version_pk,bigint,8,19,0,0,0,0
model,operation_mechanic,3,role,varchar,64,0,0,0,0,0
model,operation_mechanic,4,_owner_definition_pk,bigint,8,19,0,0,0,0
model,operation_mechanic,5,_canonical_pointer,nvarchar,400,0,0,0,0,0
model,operation_mechanic,6,_canonical_pointer_key,varbinary,800,0,0,1,0,1
model,operation_port_invocation,1,execution_operation_pk,bigint,8,19,0,0,0,0
model,operation_port_invocation,2,port_version_pk,bigint,8,19,0,0,0,0
model,operation_port_invocation,3,operation_kind,varchar,64,0,0,0,0,0
model,operation_port_invocation,4,_owner_definition_pk,bigint,8,19,0,0,0,0
model,operation_port_invocation,5,_canonical_pointer,nvarchar,400,0,0,0,0,0
model,operation_port_invocation,6,_canonical_pointer_key,varbinary,800,0,0,1,0,1
model,operation_predecessor,1,execution_authority_version_pk,bigint,8,19,0,0,0,0
model,operation_predecessor,2,execution_operation_pk,bigint,8,19,0,0,0,0
model,operation_predecessor,3,predecessor_operation_pk,bigint,8,19,0,0,0,0
model,operation_predecessor,4,_owner_definition_pk,bigint,8,19,0,0,0,0
model,operation_predecessor,5,_canonical_pointer,nvarchar,400,0,0,0,0,0
model,operation_predecessor,6,_canonical_pointer_key,varbinary,800,0,0,1,0,1
model,operation_scenario_invocation,1,execution_operation_pk,bigint,8,19,0,0,0,0
model,operation_scenario_invocation,2,target_scenario_version_pk,bigint,8,19,0,0,0,0
model,operation_scenario_invocation,3,operation_kind,varchar,64,0,0,0,0,0
model,operation_scenario_invocation,4,_owner_definition_pk,bigint,8,19,0,0,0,0
model,operation_scenario_invocation,5,_canonical_pointer,nvarchar,400,0,0,0,0,0
model,operation_scenario_invocation,6,_canonical_pointer_key,varbinary,800,0,0,1,0,1
model,operation_state_projection,1,execution_operation_pk,bigint,8,19,0,0,0,0
model,operation_state_projection,2,transformation_version_pk,bigint,8,19,0,0,0,0
model,operation_state_projection,3,operation_kind,varchar,64,0,0,0,0,0
model,operation_state_projection,4,_owner_definition_pk,bigint,8,19,0,0,0,0
model,operation_state_projection,5,_canonical_pointer,nvarchar,400,0,0,0,0,0
model,operation_state_projection,6,_canonical_pointer_key,varbinary,800,0,0,1,0,1
model,operation_transformation,1,execution_operation_pk,bigint,8,19,0,0,0,0
model,operation_transformation,2,transformation_version_pk,bigint,8,19,0,0,0,0
model,operation_transformation,3,role,varchar,64,0,0,0,0,0
model,operation_transformation,4,_owner_definition_pk,bigint,8,19,0,0,0,0
model,operation_transformation,5,_canonical_pointer,nvarchar,400,0,0,0,0,0
model,operation_transformation,6,_canonical_pointer_key,varbinary,800,0,0,1,0,1
model,outcome_product,1,scenario_version_pk,bigint,8,19,0,0,0,0
model,outcome_product,2,product_definition_pk,bigint,8,19,0,0,0,0
model,outcome_product,3,_owner_definition_pk,bigint,8,19,0,0,0,0
model,outcome_product,4,_canonical_pointer,nvarchar,400,0,0,0,0,0
model,outcome_product,5,_canonical_pointer_key,varbinary,800,0,0,1,0,1
model,outcome_variant,1,outcome_variant_pk,bigint,8,19,0,0,1,0
model,outcome_variant,2,scenario_version_pk,bigint,8,19,0,0,0,0
model,outcome_variant,3,variant_id,nvarchar,400,0,0,0,0,0
model,outcome_variant,4,terminal,bit,1,1,0,1,0,0
model,outcome_variant,5,_owner_definition_pk,bigint,8,19,0,0,0,0
model,outcome_variant,6,_canonical_pointer,nvarchar,400,0,0,0,0,0
model,outcome_variant,7,_canonical_pointer_key,varbinary,800,0,0,1,0,1
model,outcome_variant,8,classification,varchar,16,0,0,1,0,0
model,outcome_variant_product,1,outcome_variant_pk,bigint,8,19,0,0,0,0
model,outcome_variant_product,2,product_definition_pk,bigint,8,19,0,0,0,0
model,outcome_variant_product,3,_owner_definition_pk,bigint,8,19,0,0,0,0
model,outcome_variant_product,4,_canonical_pointer,nvarchar,400,0,0,0,0,0
model,outcome_variant_product,5,_canonical_pointer_key,varbinary,800,0,0,1,0,1
model,port,1,port_pk,bigint,8,19,0,0,1,0
model,port,2,namespace_pk,bigint,8,19,0,0,0,0
model,port,3,port_id,nvarchar,400,0,0,0,0,0
model,port,4,semantic_object_pk,bigint,8,19,0,0,0,0
model,port,5,object_kind,varchar,64,0,0,0,0,0
model,port_contract,1,port_version_pk,bigint,8,19,0,0,0,0
model,port_contract,2,direction,varchar,64,0,0,0,0,0
model,port_contract,3,member_ordinal,int,4,10,0,0,0,0
model,port_contract,4,role,nvarchar,400,0,0,1,0,0
model,port_contract,5,contract_version_pk,bigint,8,19,0,0,0,0
model,port_contract,6,_owner_definition_pk,bigint,8,19,0,0,0,0
model,port_contract,7,_canonical_pointer,nvarchar,400,0,0,0,0,0
model,port_contract,8,_canonical_pointer_key,varbinary,800,0,0,1,0,1
model,port_version,1,port_version_pk,bigint,8,19,0,0,1,0
model,port_version,2,port_pk,bigint,8,19,0,0,0,0
model,port_version,3,semantic_object_pk,bigint,8,19,0,0,0,0
model,port_version,4,semantic_object_definition_pk,bigint,8,19,0,0,0,0
model,port_version,5,definition_digest,binary,32,0,0,0,0,0
model,port_version,6,name,nvarchar,-1,0,0,1,0,0
model,port_version,7,port_profile,nvarchar,400,0,0,0,0,0
model,port_version,8,object_kind,varchar,64,0,0,0,0,0
model,port_version,9,_owner_definition_pk,bigint,8,19,0,0,0,0
model,port_version,10,_canonical_pointer,nvarchar,400,0,0,0,0,0
model,port_version,11,_canonical_pointer_key,varbinary,800,0,0,1,0,1
model,product,1,product_pk,bigint,8,19,0,0,1,0
model,product,2,namespace_pk,bigint,8,19,0,0,0,0
model,product,3,product_id,nvarchar,400,0,0,0,0,0
model,product,4,semantic_object_pk,bigint,8,19,0,0,0,0
model,product,5,object_kind,varchar,64,0,0,0,0,0
model,product_definition,1,product_definition_pk,bigint,8,19,0,0,1,0
model,product_definition,2,product_pk,bigint,8,19,0,0,0,0
model,product_definition,3,semantic_object_pk,bigint,8,19,0,0,0,0
model,product_definition,4,semantic_object_definition_pk,bigint,8,19,0,0,0,0
model,product_definition,5,definition_digest,binary,32,0,0,0,0,0
model,product_definition,6,name,nvarchar,-1,0,0,0,0,0
model,product_definition,7,contract_version_pk,bigint,8,19,0,1,0,0
model,product_definition,8,object_kind,varchar,64,0,0,0,0,0
model,product_definition,9,_owner_definition_pk,bigint,8,19,0,0,0,0
model,product_definition,10,_canonical_pointer,nvarchar,400,0,0,0,0,0
model,product_definition,11,_canonical_pointer_key,varbinary,800,0,0,1,0,1
model,product_definition,12,contract_reference_state,varchar,64,0,0,0,0,0
model,proof_obligation,1,proof_obligation_pk,bigint,8,19,0,0,1,0
model,proof_obligation,2,owner_definition_pk,bigint,8,19,0,0,0,0
model,proof_obligation,3,proof_obligation_id,nvarchar,400,0,0,0,0,0
model,proof_obligation,4,obligation_kind,varchar,64,0,0,0,0,0
model,proof_obligation,5,statement,nvarchar,-1,0,0,1,0,0
model,proof_obligation,6,semantic_object_pk,bigint,8,19,0,0,0,0
model,proof_obligation,7,semantic_object_definition_pk,bigint,8,19,0,0,0,0
model,proof_obligation,8,namespace_pk,bigint,8,19,0,0,0,0
model,proof_obligation,9,definition_digest,binary,32,0,0,0,0,0
model,proof_obligation,10,object_kind,varchar,64,0,0,0,0,0
model,proof_obligation,11,_owner_definition_pk,bigint,8,19,0,0,0,0
model,proof_obligation,12,_canonical_pointer,nvarchar,400,0,0,0,0,0
model,proof_obligation,13,_canonical_pointer_key,varbinary,800,0,0,1,0,1
model,proof_obligation_fixture,1,proof_obligation_pk,bigint,8,19,0,0,0,0
model,proof_obligation_fixture,2,fixture_case_pk,bigint,8,19,0,0,0,0
model,proof_obligation_fixture,3,role,varchar,64,0,0,0,0,0
model,proof_obligation_fixture,4,_owner_definition_pk,bigint,8,19,0,0,0,0
model,proof_obligation_fixture,5,_canonical_pointer,nvarchar,400,0,0,0,0,0
model,proof_obligation_fixture,6,_canonical_pointer_key,varbinary,800,0,0,1,0,1
model,proof_obligation_subject,1,proof_obligation_pk,bigint,8,19,0,0,0,0
model,proof_obligation_subject,2,subject_definition_pk,bigint,8,19,0,0,0,0
model,proof_obligation_subject,3,role,varchar,64,0,0,0,0,0
model,proof_obligation_subject,4,_owner_definition_pk,bigint,8,19,0,0,0,0
model,proof_obligation_subject,5,_canonical_pointer,nvarchar,400,0,0,0,0,0
model,proof_obligation_subject,6,_canonical_pointer_key,varbinary,800,0,0,1,0,1
model,provider,1,provider_pk,bigint,8,19,0,0,1,0
model,provider,2,namespace_pk,bigint,8,19,0,0,0,0
model,provider,3,provider_id,nvarchar,400,0,0,0,0,0
model,provider,4,semantic_object_pk,bigint,8,19,0,0,0,0
model,provider,5,object_kind,varchar,64,0,0,0,0,0
model,provider_binding,1,provider_binding_pk,bigint,8,19,0,0,1,0
model,provider_binding,2,provider_binding_scope_pk,bigint,8,19,0,0,0,0
model,provider_binding,3,provider_slot_pk,bigint,8,19,0,0,0,0
model,provider_binding,4,selection_policy,varchar,64,0,0,0,0,0
model,provider_binding,5,provider_definition_pk,bigint,8,19,0,0,0,0
model,provider_binding,6,ordinal,int,4,10,0,1,0,0
model,provider_binding,7,_owner_definition_pk,bigint,8,19,0,0,0,0
model,provider_binding,8,_canonical_pointer,nvarchar,400,0,0,0,0,0
model,provider_binding,9,_canonical_pointer_key,varbinary,800,0,0,1,0,1
model,provider_binding_scope,1,provider_binding_scope_pk,bigint,8,19,0,0,1,0
model,provider_binding_scope,2,provider_slot_pk,bigint,8,19,0,0,0,0
model,provider_binding_scope,3,binding_context_pk,bigint,8,19,0,1,0,0
model,provider_binding_scope,4,binding_role,nvarchar,400,0,0,1,0,0
model,provider_binding_scope,5,selection_policy,varchar,64,0,0,0,0,0
model,provider_binding_scope,6,_owner_definition_pk,bigint,8,19,0,0,0,0
model,provider_binding_scope,7,_canonical_pointer,nvarchar,400,0,0,0,0,0
model,provider_binding_scope,8,_canonical_pointer_key,varbinary,800,0,0,1,0,1
model,provider_capability_implementation,1,provider_definition_pk,bigint,8,19,0,0,0,0
model,provider_capability_implementation,2,capability_version_pk,bigint,8,19,0,0,0,0
model,provider_capability_implementation,3,role,varchar,64,0,0,0,0,0
model,provider_capability_implementation,4,_owner_definition_pk,bigint,8,19,0,0,0,0
model,provider_capability_implementation,5,_canonical_pointer,nvarchar,400,0,0,0,0,0
model,provider_capability_implementation,6,_canonical_pointer_key,varbinary,800,0,0,1,0,1
model,provider_definition,1,provider_definition_pk,bigint,8,19,0,0,1,0
model,provider_definition,2,provider_pk,bigint,8,19,0,0,0,0
model,provider_definition,3,semantic_object_pk,bigint,8,19,0,0,0,0
model,provider_definition,4,semantic_object_definition_pk,bigint,8,19,0,0,0,0
model,provider_definition,5,definition_digest,binary,32,0,0,0,0,0
model,provider_definition,6,name,nvarchar,-1,0,0,1,0,0
model,provider_definition,7,declaration_profile,nvarchar,400,0,0,0,0,0
model,provider_definition,8,object_kind,varchar,64,0,0,0,0,0
model,provider_definition,9,_owner_definition_pk,bigint,8,19,0,0,0,0
model,provider_definition,10,_canonical_pointer,nvarchar,400,0,0,0,0,0
model,provider_definition,11,_canonical_pointer_key,varbinary,800,0,0,1,0,1
model,provider_mechanic_implementation,1,provider_mechanic_implementation_pk,bigint,8,19,0,0,1,0
model,provider_mechanic_implementation,2,provider_definition_pk,bigint,8,19,0,0,0,0
model,provider_mechanic_implementation,3,mechanic_version_pk,bigint,8,19,0,0,0,0
model,provider_mechanic_implementation,4,provider_profile_version_pk,bigint,8,19,0,1,0,0
model,provider_mechanic_implementation,5,role,nvarchar,400,0,0,1,0,0
model,provider_mechanic_implementation,6,_owner_definition_pk,bigint,8,19,0,0,0,0
model,provider_mechanic_implementation,7,_canonical_pointer,nvarchar,400,0,0,0,0,0
model,provider_mechanic_implementation,8,_canonical_pointer_key,varbinary,800,0,0,1,0,1
model,provider_port_implementation,1,provider_port_implementation_pk,bigint,8,19,0,0,1,0
model,provider_port_implementation,2,provider_definition_pk,bigint,8,19,0,0,0,0
model,provider_port_implementation,3,port_version_pk,bigint,8,19,0,0,0,0
model,provider_port_implementation,4,provider_profile_version_pk,bigint,8,19,0,1,0,0
model,provider_port_implementation,5,role,nvarchar,400,0,0,1,0,0
model,provider_port_implementation,6,_owner_definition_pk,bigint,8,19,0,0,0,0
model,provider_port_implementation,7,_canonical_pointer,nvarchar,400,0,0,0,0,0
model,provider_port_implementation,8,_canonical_pointer_key,varbinary,800,0,0,1,0,1
model,provider_profile,1,provider_profile_pk,bigint,8,19,0,0,1,0
model,provider_profile,2,namespace_pk,bigint,8,19,0,0,0,0
model,provider_profile,3,provider_profile_id,nvarchar,400,0,0,0,0,0
model,provider_profile,4,semantic_object_pk,bigint,8,19,0,0,0,0
model,provider_profile,5,object_kind,varchar,64,0,0,0,0,0
model,provider_profile_constraint,1,provider_profile_version_pk,bigint,8,19,0,0,0,0
model,provider_profile_constraint,2,ordinal,int,4,10,0,0,0,0
model,provider_profile_constraint,3,constraint_kind,varchar,64,0,0,0,0,0
model,provider_profile_constraint,4,constraint_term,nvarchar,-1,0,0,0,0,0
model,provider_profile_constraint,5,operand_content_pk,bigint,8,19,0,1,0,0
model,provider_profile_constraint,6,_owner_definition_pk,bigint,8,19,0,0,0,0
model,provider_profile_constraint,7,_canonical_pointer,nvarchar,400,0,0,0,0,0
model,provider_profile_constraint,8,_canonical_pointer_key,varbinary,800,0,0,1,0,1
model,provider_profile_version,1,provider_profile_version_pk,bigint,8,19,0,0,1,0
model,provider_profile_version,2,provider_profile_pk,bigint,8,19,0,0,0,0
model,provider_profile_version,3,semantic_object_pk,bigint,8,19,0,0,0,0
model,provider_profile_version,4,semantic_object_definition_pk,bigint,8,19,0,0,0,0
model,provider_profile_version,5,definition_digest,binary,32,0,0,0,0,0
model,provider_profile_version,6,profile_name,nvarchar,-1,0,0,1,0,0
model,provider_profile_version,7,profile_authority,nvarchar,400,0,0,0,0,0
model,provider_profile_version,8,object_kind,varchar,64,0,0,0,0,0
model,provider_profile_version,9,_owner_definition_pk,bigint,8,19,0,0,0,0
model,provider_profile_version,10,_canonical_pointer,nvarchar,400,0,0,0,0,0
model,provider_profile_version,11,_canonical_pointer_key,varbinary,800,0,0,1,0,1
model,provider_slot,1,provider_slot_pk,bigint,8,19,0,0,1,0
model,provider_slot,2,blueprint_version_pk,bigint,8,19,0,0,0,0
model,provider_slot,3,slot_id,nvarchar,400,0,0,0,0,0
model,provider_slot,4,owner_node_pk,bigint,8,19,0,0,0,0
model,provider_slot,5,_owner_definition_pk,bigint,8,19,0,0,0,0
model,provider_slot,6,_canonical_pointer,nvarchar,400,0,0,0,0,0
model,provider_slot,7,_canonical_pointer_key,varbinary,800,0,0,1,0,1
model,provider_slot_operation,1,provider_slot_pk,bigint,8,19,0,0,0,0
model,provider_slot_operation,2,execution_operation_pk,bigint,8,19,0,0,0,0
model,provider_slot_operation,3,_owner_definition_pk,bigint,8,19,0,0,0,0
model,provider_slot_operation,4,_canonical_pointer,nvarchar,400,0,0,0,0,0
model,provider_slot_operation,5,_canonical_pointer_key,varbinary,800,0,0,1,0,1
model,scenario,1,scenario_pk,bigint,8,19,0,0,1,0
model,scenario,2,namespace_pk,bigint,8,19,0,0,0,0
model,scenario,3,scenario_id,nvarchar,400,0,0,0,0,0
model,scenario,4,semantic_object_pk,bigint,8,19,0,0,0,0
model,scenario,5,object_kind,varchar,64,0,0,0,0,0
model,scenario,6,capability_pk,bigint,8,19,0,0,0,0
model,scenario_event,1,scenario_version_pk,bigint,8,19,0,0,0,0
model,scenario_event,2,event_id,nvarchar,400,0,0,0,0,0
model,scenario_event,3,name,nvarchar,-1,0,0,1,0,0
model,scenario_event,4,responsibility,nvarchar,-1,0,0,0,0,0
model,scenario_event,5,execution_authority_version_pk,bigint,8,19,0,1,0,0
model,scenario_event,6,semantic_object_pk,bigint,8,19,0,0,0,0
model,scenario_event,7,semantic_object_definition_pk,bigint,8,19,0,0,0,0
model,scenario_event,8,namespace_pk,bigint,8,19,0,0,0,0
model,scenario_event,9,definition_digest,binary,32,0,0,0,0,0
model,scenario_event,10,object_kind,varchar,64,0,0,0,0,0
model,scenario_event,11,_owner_definition_pk,bigint,8,19,0,0,0,0
model,scenario_event,12,_canonical_pointer,nvarchar,400,0,0,0,0,0
model,scenario_event,13,_canonical_pointer_key,varbinary,800,0,0,1,0,1
model,scenario_event,14,authority_reference_state,varchar,64,0,0,0,0,0
model,scenario_input,1,scenario_version_pk,bigint,8,19,0,0,0,0
model,scenario_input,2,input_id,nvarchar,400,0,0,0,0,0
model,scenario_input,3,name,nvarchar,-1,0,0,1,0,0
model,scenario_input,4,input_contract_version_pk,bigint,8,19,0,1,0,0
model,scenario_input,5,semantic_object_pk,bigint,8,19,0,0,0,0
model,scenario_input,6,semantic_object_definition_pk,bigint,8,19,0,0,0,0
model,scenario_input,7,namespace_pk,bigint,8,19,0,0,0,0
model,scenario_input,8,definition_digest,binary,32,0,0,0,0,0
model,scenario_input,9,object_kind,varchar,64,0,0,0,0,0
model,scenario_input,10,_owner_definition_pk,bigint,8,19,0,0,0,0
model,scenario_input,11,_canonical_pointer,nvarchar,400,0,0,0,0,0
model,scenario_input,12,_canonical_pointer_key,varbinary,800,0,0,1,0,1
model,scenario_input,13,contract_reference_state,varchar,64,0,0,0,0,0
model,scenario_outcome,1,scenario_version_pk,bigint,8,19,0,0,0,0
model,scenario_outcome,2,outcome_id,nvarchar,400,0,0,0,0,0
model,scenario_outcome,3,name,nvarchar,-1,0,0,1,0,0
model,scenario_outcome,4,experience,nvarchar,-1,0,0,0,0,0
model,scenario_outcome,5,terminal,bit,1,1,0,1,0,0
model,scenario_outcome,6,terminal_disposition,nvarchar,400,0,0,1,0,0
model,scenario_outcome,7,semantic_object_pk,bigint,8,19,0,0,0,0
model,scenario_outcome,8,semantic_object_definition_pk,bigint,8,19,0,0,0,0
model,scenario_outcome,9,namespace_pk,bigint,8,19,0,0,0,0
model,scenario_outcome,10,definition_digest,binary,32,0,0,0,0,0
model,scenario_outcome,11,object_kind,varchar,64,0,0,0,0,0
model,scenario_outcome,12,_owner_definition_pk,bigint,8,19,0,0,0,0
model,scenario_outcome,13,_canonical_pointer,nvarchar,400,0,0,0,0,0
model,scenario_outcome,14,_canonical_pointer_key,varbinary,800,0,0,1,0,1
model,scenario_outcome_contract,1,scenario_version_pk,bigint,8,19,0,0,0,0
model,scenario_outcome_contract,2,contract_version_pk,bigint,8,19,0,0,0,0
model,scenario_outcome_contract,3,_owner_definition_pk,bigint,8,19,0,0,0,0
model,scenario_outcome_contract,4,_canonical_pointer,nvarchar,400,0,0,0,0,0
model,scenario_outcome_contract,5,_canonical_pointer_key,varbinary,800,0,0,1,0,1
model,scenario_version,1,scenario_version_pk,bigint,8,19,0,0,1,0
model,scenario_version,2,scenario_pk,bigint,8,19,0,0,0,0
model,scenario_version,3,semantic_object_pk,bigint,8,19,0,0,0,0
model,scenario_version,4,semantic_object_definition_pk,bigint,8,19,0,0,0,0
model,scenario_version,5,definition_digest,binary,32,0,0,0,0,0
model,scenario_version,6,name,nvarchar,-1,0,0,0,0,0
model,scenario_version,7,source_profile,nvarchar,400,0,0,0,0,0
model,scenario_version,8,object_kind,varchar,64,0,0,0,0,0
model,scenario_version,9,_owner_definition_pk,bigint,8,19,0,0,0,0
model,scenario_version,10,_canonical_pointer,nvarchar,400,0,0,0,0,0
model,scenario_version,11,_canonical_pointer_key,varbinary,800,0,0,1,0,1
model,schema_object,1,schema_object_pk,bigint,8,19,0,0,1,0
model,schema_object,2,content_digest,binary,32,0,0,0,0,0
model,schema_object,3,dialect,nvarchar,400,0,0,1,0,0
model,schema_object,4,content_object_pk,bigint,8,19,0,0,0,0
model,semantic_object,1,semantic_object_pk,bigint,8,19,0,0,1,0
model,semantic_object,2,object_kind,varchar,64,0,0,0,0,0
model,semantic_object,3,namespace_pk,bigint,8,19,0,0,0,0
model,semantic_object,4,declared_id,nvarchar,400,0,0,0,0,0
model,semantic_object_definition,1,semantic_object_definition_pk,bigint,8,19,0,0,1,0
model,semantic_object_definition,2,semantic_object_pk,bigint,8,19,0,0,0,0
model,semantic_object_definition,3,object_kind,varchar,64,0,0,0,0,0
model,semantic_object_definition,4,definition_digest,binary,32,0,0,0,0,0
model,semantic_object_definition,5,canonical_content_pk,bigint,8,19,0,0,0,0
model,slot_mechanic_requirement,1,slot_mechanic_requirement_pk,bigint,8,19,0,0,1,0
model,slot_mechanic_requirement,2,provider_slot_pk,bigint,8,19,0,0,0,0
model,slot_mechanic_requirement,3,mechanic_version_pk,bigint,8,19,0,0,0,0
model,slot_mechanic_requirement,4,ordinal,int,4,10,0,0,0,0
model,slot_mechanic_requirement,5,role,nvarchar,400,0,0,1,0,0
model,slot_mechanic_requirement,6,_owner_definition_pk,bigint,8,19,0,0,0,0
model,slot_mechanic_requirement,7,_canonical_pointer,nvarchar,400,0,0,0,0,0
model,slot_mechanic_requirement,8,_canonical_pointer_key,varbinary,800,0,0,1,0,1
model,slot_port_requirement,1,slot_port_requirement_pk,bigint,8,19,0,0,1,0
model,slot_port_requirement,2,provider_slot_pk,bigint,8,19,0,0,0,0
model,slot_port_requirement,3,port_version_pk,bigint,8,19,0,0,0,0
model,slot_port_requirement,4,ordinal,int,4,10,0,0,0,0
model,slot_port_requirement,5,role,nvarchar,400,0,0,1,0,0
model,slot_port_requirement,6,_owner_definition_pk,bigint,8,19,0,0,0,0
model,slot_port_requirement,7,_canonical_pointer,nvarchar,400,0,0,0,0,0
model,slot_port_requirement,8,_canonical_pointer_key,varbinary,800,0,0,1,0,1
model,slot_profile_constraint,1,provider_slot_pk,bigint,8,19,0,0,0,0
model,slot_profile_constraint,2,ordinal,int,4,10,0,0,0,0
model,slot_profile_constraint,3,constraint_kind,varchar,64,0,0,0,0,0
model,slot_profile_constraint,4,constraint_term,nvarchar,-1,0,0,0,0,0
model,slot_profile_constraint,5,operand_content_pk,bigint,8,19,0,1,0,0
model,slot_profile_constraint,6,_owner_definition_pk,bigint,8,19,0,0,0,0
model,slot_profile_constraint,7,_canonical_pointer,nvarchar,400,0,0,0,0,0
model,slot_profile_constraint,8,_canonical_pointer_key,varbinary,800,0,0,1,0,1
model,slot_profile_requirement,1,slot_profile_requirement_pk,bigint,8,19,0,0,1,0
model,slot_profile_requirement,2,provider_slot_pk,bigint,8,19,0,0,0,0
model,slot_profile_requirement,3,provider_profile_version_pk,bigint,8,19,0,0,0,0
model,slot_profile_requirement,4,ordinal,int,4,10,0,0,0,0
model,slot_profile_requirement,5,role,nvarchar,400,0,0,1,0,0
model,slot_profile_requirement,6,_owner_definition_pk,bigint,8,19,0,0,0,0
model,slot_profile_requirement,7,_canonical_pointer,nvarchar,400,0,0,0,0,0
model,slot_profile_requirement,8,_canonical_pointer_key,varbinary,800,0,0,1,0,1
model,transformation,1,transformation_pk,bigint,8,19,0,0,1,0
model,transformation,2,namespace_pk,bigint,8,19,0,0,0,0
model,transformation,3,transformation_id,nvarchar,400,0,0,0,0,0
model,transformation,4,semantic_object_pk,bigint,8,19,0,0,0,0
model,transformation,5,object_kind,varchar,64,0,0,0,0,0
model,transformation_expression_child,1,transformation_version_pk,bigint,8,19,0,0,0,0
model,transformation_expression_child,2,parent_node_pk,bigint,8,19,0,0,0,0
model,transformation_expression_child,3,child_node_pk,bigint,8,19,0,0,0,0
model,transformation_expression_child,4,member_kind,varchar,64,0,0,0,0,0
model,transformation_expression_child,5,member_name,nvarchar,400,0,0,1,0,0
model,transformation_expression_child,6,member_name_key,varbinary,800,0,0,1,0,1
model,transformation_expression_child,7,ordinal,int,4,10,0,1,0,0
model,transformation_expression_child,8,_owner_definition_pk,bigint,8,19,0,0,0,0
model,transformation_expression_child,9,_canonical_pointer,nvarchar,400,0,0,0,0,0
model,transformation_expression_child,10,_canonical_pointer_key,varbinary,800,0,0,1,0,1
model,transformation_expression_node,1,expression_node_pk,bigint,8,19,0,0,1,0
model,transformation_expression_node,2,transformation_version_pk,bigint,8,19,0,0,0,0
model,transformation_expression_node,3,node_pointer,nvarchar,400,0,0,0,0,0
model,transformation_expression_node,4,node_pointer_key,varbinary,800,0,0,1,0,1
model,transformation_expression_node,5,node_kind,varchar,64,0,0,0,0,0
model,transformation_expression_node,6,operator,nvarchar,400,0,0,1,0,0
model,transformation_expression_node,7,literal_content_pk,bigint,8,19,0,1,0,0
model,transformation_expression_node,8,reference_name,nvarchar,-1,0,0,1,0,0
model,transformation_expression_node,9,_owner_definition_pk,bigint,8,19,0,0,0,0
model,transformation_expression_node,10,_canonical_pointer,nvarchar,400,0,0,0,0,0
model,transformation_expression_node,11,_canonical_pointer_key,varbinary,800,0,0,1,0,1
model,transformation_root,1,transformation_version_pk,bigint,8,19,0,0,0,0
model,transformation_root,2,expression_node_pk,bigint,8,19,0,0,0,0
model,transformation_root,3,_owner_definition_pk,bigint,8,19,0,0,0,0
model,transformation_root,4,_canonical_pointer,nvarchar,400,0,0,0,0,0
model,transformation_root,5,_canonical_pointer_key,varbinary,800,0,0,1,0,1
model,transformation_version,1,transformation_version_pk,bigint,8,19,0,0,1,0
model,transformation_version,2,transformation_pk,bigint,8,19,0,0,0,0
model,transformation_version,3,semantic_object_pk,bigint,8,19,0,0,0,0
model,transformation_version,4,semantic_object_definition_pk,bigint,8,19,0,0,0,0
model,transformation_version,5,definition_digest,binary,32,0,0,0,0,0
model,transformation_version,6,expression_profile,nvarchar,400,0,0,0,0,0
model,transformation_version,7,object_kind,varchar,64,0,0,0,0,0
model,transformation_version,8,_owner_definition_pk,bigint,8,19,0,0,0,0
model,transformation_version,9,_canonical_pointer,nvarchar,400,0,0,0,0,0
model,transformation_version,10,_canonical_pointer_key,varbinary,800,0,0,1,0,1
runtime,capability_preparation,1,preparation_pk,bigint,8,19,0,0,1,0
runtime,capability_preparation,2,estate_model_pk,bigint,8,19,0,0,0,0
runtime,capability_preparation,3,capability_pk,bigint,8,19,0,0,0,0
runtime,capability_preparation,4,capability_version_pk,bigint,8,19,0,0,0,0
runtime,capability_preparation,5,scenario_version_pk,bigint,8,19,0,0,0,0
runtime,capability_preparation,6,target,nvarchar,100,0,0,0,0,0
runtime,capability_preparation,7,recipe_digest,binary,32,0,0,0,0,0
runtime,capability_preparation,8,view_definition_digest,binary,32,0,0,0,0,0
runtime,capability_preparation,9,payload_digest,binary,32,0,0,0,0,0
runtime,capability_preparation,10,payload_bytes,varbinary,-1,0,0,0,0,0
runtime,capability_preparation,11,prepared_at,datetime2,8,27,7,0,0,0
source,content_object,1,content_object_pk,bigint,8,19,0,0,1,0
source,content_object,2,content_digest,binary,32,0,0,0,0,0
source,content_object,3,content_bytes,varbinary,-1,0,0,0,0,0
source,content_object,4,byte_length,bigint,8,19,0,0,0,0
source,current_model,1,singleton_id,tinyint,1,3,0,0,0,0
source,current_model,2,estate_model_pk,bigint,8,19,0,0,0,0
source,declaration_observation,1,source_observation_pk,bigint,8,19,0,0,0,0
source,declaration_observation,2,declared_kind,varchar,64,0,0,0,0,0
source,declaration_observation,3,declared_id,nvarchar,-1,0,0,1,0,0
source,declaration_observation,4,namespace_text,nvarchar,-1,0,0,1,0,0
source,declaration_observation,5,observation_kind,varchar,64,0,0,0,0,0
source,estate_model,1,estate_model_pk,bigint,8,19,0,0,1,0
source,estate_model,2,estate_snapshot_pk,bigint,8,19,0,0,0,0
source,estate_model,3,mapping_manifest_digest,binary,32,0,0,0,0,0
source,estate_model,4,publication_state,varchar,64,0,0,0,0,0
source,estate_model_rule,1,estate_model_pk,bigint,8,19,0,0,0,0
source,estate_model_rule,2,mapping_rule_pk,bigint,8,19,0,0,0,0
source,estate_snapshot,1,estate_snapshot_pk,bigint,8,19,0,0,1,0
source,estate_snapshot,2,snapshot_digest,binary,32,0,0,0,0,0
source,estate_snapshot,3,estate_manifest_digest,binary,32,0,0,0,0,0
source,estate_snapshot,4,source_head,nvarchar,400,0,0,1,0,0
source,estate_snapshot,5,captured_at,datetime2,8,27,7,1,0,0
source,mapping_rule,1,mapping_rule_pk,bigint,8,19,0,0,1,0
source,mapping_rule,2,rule_id,nvarchar,400,0,0,0,0,0
source,mapping_rule,3,rule_digest,binary,32,0,0,0,0,0
source,mapping_rule,4,source_profile,nvarchar,400,0,0,0,0,0
source,mapping_rule,5,rule_content_object_pk,bigint,8,19,0,0,0,0
source,mapping_rule,6,canonicalization_profile,nvarchar,400,0,0,0,0,0
source,namespace_mapping,1,mapping_rule_pk,bigint,8,19,0,0,0,0
source,namespace_mapping,2,object_kind,varchar,64,0,0,0,0,0
source,namespace_mapping,3,source_scope,nvarchar,400,0,0,0,0,0
source,namespace_mapping,4,namespace_pk,bigint,8,19,0,0,0,0
source,relationship_observation,1,source_observation_pk,bigint,8,19,0,0,0,0
source,relationship_observation,2,relationship_kind,varchar,64,0,0,0,0,0
source,relationship_observation,3,source_reference,nvarchar,-1,0,0,1,0,0
source,relationship_observation,4,target_reference,nvarchar,-1,0,0,1,0,0
source,relationship_observation,5,declared_target_digest,binary,32,0,0,1,0,0
source,relationship_observation,6,observation_kind,varchar,64,0,0,0,0,0
source,schema_migration,1,migration_id,nvarchar,100,0,0,0,0,0
source,schema_migration,2,migration_digest,char,64,0,0,0,0,0
source,schema_migration,3,applied_at,datetime2,8,27,7,0,0,0
source,source_appearance,1,source_appearance_pk,bigint,8,19,0,0,1,0
source,source_appearance,2,estate_snapshot_pk,bigint,8,19,0,0,0,0
source,source_appearance,3,content_object_pk,bigint,8,19,0,0,0,0
source,source_appearance,4,appearance_digest,binary,32,0,0,0,0,0
source,source_appearance,5,source_path,nvarchar,-1,0,0,0,0,0
source,source_appearance,6,source_class,varchar,64,0,0,0,0,0
source,source_appearance,7,container_locator,nvarchar,-1,0,0,1,0,0
source,source_appearance,8,capsule_digest,binary,32,0,0,1,0,0
source,source_appearance,9,referenced_authority_digest,binary,32,0,0,1,0,0
source,source_appearance,10,entry_id,nvarchar,400,0,0,1,0,0
source,source_classification,1,source_appearance_pk,bigint,8,19,0,0,0,0
source,source_classification,2,mapping_rule_pk,bigint,8,19,0,0,0,0
source,source_classification,3,family_code,varchar,64,0,0,0,0,0
source,source_classification,4,classification_state,varchar,64,0,0,0,0,0
source,source_lineage,1,source_lineage_pk,bigint,8,19,0,0,1,0
source,source_lineage,2,semantic_object_definition_pk,bigint,8,19,0,0,0,0
source,source_lineage,3,member_kind,varchar,64,0,0,0,0,0
source,source_lineage,4,canonical_pointer,nvarchar,400,0,0,0,0,0
source,source_lineage,5,canonical_pointer_key,varbinary,800,0,0,1,0,1
source,source_lineage,6,source_observation_pk,bigint,8,19,0,0,0,0
source,source_lineage,7,mapping_rule_pk,bigint,8,19,0,0,0,0
source,source_lineage,8,contribution_role,varchar,64,0,0,0,0,0
source,source_observation,1,source_observation_pk,bigint,8,19,0,0,1,0
source,source_observation,2,source_appearance_pk,bigint,8,19,0,0,0,0
source,source_observation,3,locator,nvarchar,-1,0,0,0,0,0
source,source_observation,4,locator_digest,binary,32,0,0,0,0,0
source,source_observation,5,observation_kind,varchar,64,0,0,0,0,0
source,source_observation,6,presence_state,varchar,64,0,0,0,0,0
source,source_observation,7,observed_value_content_pk,bigint,8,19,0,1,0,0